DriverID,FirstName,LastName
1,James,Mary
2,Robert,Patricia
3,John,Jennifer
4,Michael,Linda
5,David,Elizabeth
6,William,Barbara
7,Richard,Susan
8,Joseph,Jessica
9,Thomas,Sarah
10,Charles,Karen
11,Christopher,Lisa
12,Daniel,Nancy
13,Matthew,Betty
14,Anthony,Margaret
15,Mark,Sandra
16,Donald,Ashley
17,Steven,Kimberly
18,Paul,Emily
19,Andrew,Donna
20,Joshua,Michelle
21,Kenneth,Carol
22,Kevin,Amanda
23,Brian,Dorothy
24,George,Melissa
25,Timothy,Deborah
26,Ronald,Stephanie
27,Edward,Rebecca
28,Jason,Sharon
29,Jeffrey,Laura
30,Ryan,Cynthia
31,Jacob,Kathleen
32,Gary,Amy
33,Nicholas,Angela
34,Eric,Shirley
35,Jonathan,Anna
36,Stephen,Brenda
37,Larry,Pamela
38,Justin,Emma
39,Scott,Nicole
40,Brandon,Helen
41,Benjamin,Samantha
42,Samuel,Katherine
43,Gregory,Christine
44,Alexander,Debra
45,Frank,Rachel
46,Patrick,Carolyn
47,Raymond,Janet
48,Jack,Catherine
49,Dennis,Maria
50,Jerry,Heather
